id,starting wallet,strategy,number of rounds,average bet,sore loser,impatient loser,addict,profit
0,5000,RouletteBoard.Martingale,51,12,false,false,false,-135
1,100,RouletteBoard.Fibonacci,30,7,false,false,false,35
2,1000,RouletteBoard.Fibonacci,22,7,false,false,false,27
3,10000,RouletteBoard.Fibonacci,9,5,false,false,false,16
4,500,RouletteBoard.Fibonacci,3,3,false,false,false,0
5,75,RouletteBoard.Fibonacci,1,0,false,true,false,0
6,75,RouletteBoard.Martingale,12,6,false,false,false,0
10,100,RouletteBoard.Martingale,9,19,false,false,false,-15
9,2000,RouletteBoard.Martingale,32,83,false,false,false,700
11,100,RouletteBoard.Martingale,12,14,false,false,true,58
8,1000,RouletteBoard.Fibonacci,71,17,false,false,false,742
7,300,RouletteBoard.Fibonacci,77,16,false,true,false,685
12,2000,RouletteBoard.Martingale,6,13,false,false,false,0
15,400,RouletteBoard.Fibonacci,51,12,false,false,true,0
16,2000,RouletteBoard.Martingale,2,2,false,false,false,5
14,5000,RouletteBoard.Martingale,91,11,false,false,false,-250
17,5000,RouletteBoard.Fibonacci,24,9,false,false,true,-30
18,50,RouletteBoard.Martingale,14,10,false,false,true,-40
19,3000,RouletteBoard.Martingale,13,9,false,false,true,-40
13,5000,RouletteBoard.Fibonacci,757,12,false,false,false,-58
