round number,value,color
1,1,red
2,1,red
3,18,red
4,6,black
5,13,black
6,37,green
7,26,black
8,14,red
9,16,red
10,7,red
11,30,red
12,27,red
13,29,black
14,17,black
15,1,red
16,18,red
17,11,black
18,15,black
19,31,black
20,18,red
21,25,red
22,35,black
23,13,black
24,34,red
25,18,red
26,2,black
27,3,red
28,14,red
29,37,green
30,4,black
31,14,red
32,15,black
33,10,black
34,8,black
35,2,black
36,22,black
37,17,black
38,38,green
39,29,black
40,31,black
41,1,red
42,8,black
43,10,black
44,25,red
45,32,red
46,12,red
47,21,red
48,30,red
49,24,black
50,23,red
51,7,red
52,3,red
53,26,black
54,33,black
55,19,red
56,2,black
57,26,black
58,28,black
59,32,red
60,5,red
61,33,black
62,15,black
63,23,red
64,1,red
65,11,black
66,32,red
67,10,black
68,16,red
69,21,red
70,38,green
71,25,red
72,19,red
73,4,black
74,3,red
75,26,black
76,28,black
77,8,black
78,17,black
79,12,red
80,23,red
81,22,black
82,6,black
83,19,red
84,35,black
85,13,black
86,22,black
87,12,red
88,11,black
89,35,black
90,27,red
91,22,black
92,6,black
93,30,red
94,20,black
95,33,black
96,8,black
97,34,red
98,36,red
99,35,black
100,37,green
101,3,red
102,23,red
103,15,black
104,7,red
105,12,red
106,1,red
107,12,red
108,31,black
109,24,black
110,29,black
111,5,red
112,35,black
113,25,red
114,28,black
115,20,black
116,34,red
117,2,black
118,17,black
119,38,green
120,14,red
121,8,black
122,32,red
123,17,black
124,32,red
125,32,red
126,9,red
127,18,red
128,31,black
129,14,red
130,16,red
131,17,black
132,36,red
133,37,green
134,26,black
135,7,red
136,2,black
137,18,red
138,23,red
139,29,black
140,25,red
141,29,black
142,27,red
143,10,black
144,6,black
145,29,black
146,29,black
147,4,black
148,37,green
149,27,red
150,30,red
151,23,red
152,13,black
153,6,black
154,12,red
155,30,red
156,11,black
157,1,red
158,38,green
159,32,red
160,17,black
161,30,red
162,17,black
163,15,black
164,1,red
165,26,black
166,29,black
167,5,red
168,19,red
169,17,black
170,24,black
171,22,black
172,3,red
173,14,red
174,13,black
175,29,black
176,14,red
177,9,red
178,23,red
179,17,black
180,3,red
181,7,red
182,28,black
183,4,black
184,18,red
185,30,red
186,1,red
187,3,red
188,29,black
189,11,black
190,8,black
191,3,red
192,21,red
193,12,red
194,10,black
195,35,black
196,12,red
197,13,black
198,1,red
199,2,black
200,5,red
201,14,red
202,8,black
203,13,black
204,4,black
205,9,red
206,9,red
207,6,black
208,16,red
209,26,black
210,4,black
211,31,black
212,1,red
213,10,black
214,18,red
215,18,red
216,7,red
217,4,black
218,5,red
219,24,black
220,28,black
221,24,black
222,28,black
223,28,black
224,37,green
225,37,green
226,8,black
227,23,red
228,14,red
229,13,black
230,4,black
231,36,red
232,7,red
233,36,red
234,14,red
235,18,red
236,14,red
237,23,red
238,6,black
239,7,red
240,22,black
241,18,red
242,14,red
243,6,black
244,37,green
245,33,black
246,8,black
247,20,black
248,1,red
249,3,red
250,10,black
251,14,red
252,31,black
253,32,red
254,17,black
255,9,red
256,5,red
257,17,black
258,23,red
259,14,red
260,32,red
261,6,black
262,28,black
263,32,red
264,6,black
265,29,black
266,35,black
267,36,red
268,8,black
269,24,black
270,25,red
271,17,black
272,19,red
273,19,red
274,8,black
275,22,black
276,36,red
277,37,green
278,25,red
279,31,black
280,3,red
281,19,red
282,16,red
283,18,red
284,26,black
285,25,red
286,7,red
287,19,red
288,19,red
289,29,black
290,6,black
291,26,black
292,17,black
293,15,black
294,15,black
295,25,red
296,25,red
297,37,green
298,12,red
299,37,green
300,20,black
301,6,black
302,8,black
303,11,black
304,5,red
305,22,black
306,31,black
307,27,red
308,15,black
309,10,black
310,16,red
311,8,black
312,18,red
313,9,red
314,8,black
315,22,black
316,19,red
317,32,red
318,23,red
319,22,black
320,15,black
321,2,black
322,12,red
323,32,red
324,10,black
325,17,black
326,38,green
327,6,black
328,9,red
329,5,red
330,3,red
331,2,black
332,15,black
333,35,black
334,8,black
335,27,red
336,21,red
337,23,red
338,15,black
339,15,black
340,5,red
341,26,black
342,16,red
343,37,green
344,21,red
345,20,black
346,11,black
347,21,red
348,7,red
349,21,red
350,27,red
351,24,black
352,16,red
353,2,black
354,6,black
355,9,red
356,26,black
357,22,black
358,37,green
359,3,red
360,11,black
361,12,red
362,31,black
363,22,black
364,8,black
365,38,green
366,19,red
367,36,red
368,13,black
369,36,red
370,27,red
371,38,green
372,29,black
373,15,black
374,31,black
375,21,red
376,1,red
377,17,black
378,25,red
379,37,green
380,20,black
381,7,red
382,3,red
383,2,black
384,19,red
385,17,black
386,28,black
387,33,black
388,12,red
389,31,black
390,14,red
391,3,red
392,11,black
393,23,red
394,29,black
395,16,red
396,18,red
397,34,red
398,8,black
399,29,black
400,23,red
401,36,red
402,9,red
403,3,red
404,14,red
405,5,red
406,13,black
407,5,red
408,25,red
409,38,green
410,32,red
411,22,black
412,10,black
413,14,red
414,37,green
415,15,black
416,1,red
417,7,red
418,9,red
419,33,black
420,37,green
421,35,black
422,11,black
423,29,black
424,26,black
425,21,red
426,16,red
427,31,black
428,4,black
429,14,red
430,6,black
431,12,red
432,6,black
433,19,red
434,29,black
435,15,black
436,20,black
437,34,red
438,9,red
439,12,red
440,5,red
441,13,black
442,2,black
443,32,red
444,26,black
445,14,red
446,34,red
447,37,green
448,29,black
449,1,red
450,36,red
451,26,black
452,15,black
453,13,black
454,14,red
455,30,red
456,36,red
457,37,green
458,29,black
459,6,black
460,34,red
461,13,black
462,18,red
463,26,black
464,17,black
465,35,black
466,11,black
467,8,black
468,22,black
469,3,red
470,32,red
471,8,black
472,4,black
473,13,black
474,30,red
475,35,black
476,1,red
477,12,red
478,36,red
479,31,black
480,33,black
481,34,red
482,4,black
483,34,red
484,5,red
485,38,green
486,25,red
487,15,black
488,31,black
489,17,black
490,16,red
491,26,black
492,15,black
493,15,black
494,18,red
495,35,black
496,13,black
497,5,red
498,24,black
499,11,black
500,38,green
501,14,red
502,1,red
503,15,black
504,28,black
505,14,red
506,19,red
507,18,red
508,1,red
509,7,red
510,18,red
511,15,black
512,13,black
513,27,red
514,38,green
515,7,red
516,21,red
517,4,black
518,38,green
519,38,green
520,14,red
521,13,black
522,33,black
523,33,black
524,38,green
525,12,red
526,18,red
527,5,red
528,27,red
529,37,green
530,6,black
531,5,red
532,28,black
533,4,black
534,37,green
535,27,red
536,15,black
537,23,red
538,24,black
539,15,black
540,6,black
541,14,red
542,37,green
543,20,black
544,28,black
545,20,black
546,10,black
547,27,red
548,16,red
549,16,red
550,12,red
551,13,black
552,16,red
553,1,red
554,21,red
555,17,black
556,14,red
557,26,black
558,2,black
559,16,red
560,4,black
561,22,black
562,31,black
563,32,red
564,9,red
565,11,black
566,5,red
567,29,black
568,14,red
569,25,red
570,17,black
571,36,red
572,23,red
573,16,red
574,11,black
575,35,black
576,37,green
577,9,red
578,16,red
579,23,red
580,6,black
581,29,black
582,22,black
583,20,black
584,33,black
585,4,black
586,7,red
587,36,red
588,14,red
589,30,red
590,21,red
591,25,red
592,1,red
593,24,black
594,16,red
595,37,green
596,21,red
597,38,green
598,18,red
599,4,black
600,16,red
601,27,red
602,37,green
603,11,black
604,16,red
605,12,red
606,29,black
607,25,red
608,31,black
609,7,red
610,30,red
611,19,red
612,24,black
613,16,red
614,38,green
615,31,black
616,28,black
617,7,red
618,17,black
619,8,black
620,8,black
621,12,red
622,31,black
623,3,red
624,14,red
625,19,red
626,17,black
627,38,green
628,9,red
629,37,green
630,8,black
631,27,red
632,14,red
633,29,black
634,27,red
635,4,black
636,30,red
637,12,red
638,35,black
639,31,black
640,32,red
641,7,red
642,36,red
643,34,red
644,28,black
645,17,black
646,20,black
647,33,black
648,8,black
649,11,black
650,33,black
651,5,red
652,10,black
653,18,red
654,24,black
655,6,black
656,13,black
657,27,red
658,13,black
659,6,black
660,14,red
661,7,red
662,27,red
663,9,red
664,11,black
665,15,black
666,1,red
667,27,red
668,18,red
669,37,green
670,7,red
671,21,red
672,19,red
673,19,red
674,5,red
675,36,red
676,17,black
677,14,red
678,30,red
679,18,red
680,10,black
681,19,red
682,21,red
683,32,red
684,27,red
685,28,black
686,18,red
687,25,red
688,26,black
689,8,black
690,26,black
691,19,red
692,36,red
693,29,black
694,15,black
695,37,green
696,28,black
697,30,red
698,25,red
699,29,black
700,23,red
701,31,black
702,13,black
703,26,black
704,22,black
705,9,red
706,20,black
707,14,red
708,3,red
709,24,black
710,19,red
711,6,black
712,15,black
713,29,black
714,32,red
715,30,red
716,14,red
717,19,red
718,34,red
719,26,black
720,34,red
721,36,red
722,38,green
723,36,red
724,20,black
725,27,red
726,30,red
727,36,red
728,4,black
729,30,red
730,34,red
731,38,green
732,18,red
733,19,red
734,21,red
735,19,red
736,25,red
737,20,black
738,24,black
739,13,black
740,28,black
741,16,red
742,18,red
743,1,red
744,32,red
745,31,black
746,38,green
747,32,red
748,33,black
749,3,red
750,29,black
751,37,green
752,31,black
753,14,red
754,22,black
755,20,black
756,3,red
757,34,red
758,2,black
759,36,red
760,23,red
761,33,black
762,8,black
763,17,black
764,2,black
765,6,black
766,31,black
767,13,black
768,31,black
769,29,black
770,15,black
771,16,red
772,32,red
773,18,red
774,32,red
775,37,green
776,11,black
777,31,black
778,29,black
779,13,black
780,34,red
781,11,black
782,14,red
783,7,red
784,20,black
785,18,red
786,37,green
787,2,black
788,16,red
789,32,red
790,26,black
791,18,red
792,6,black
793,15,black
794,38,green
795,4,black
796,25,red
797,31,black
798,27,red
799,20,black
800,23,red
801,19,red
802,19,red
803,16,red
804,38,green
805,22,black
806,34,red
807,5,red
808,17,black
809,37,green
810,6,black
811,15,black
812,35,black
813,8,black
814,10,black
815,18,red
816,12,red
817,8,black
818,9,red
819,17,black
820,29,black
821,31,black
822,30,red
823,30,red
824,34,red
825,8,black
826,30,red
827,17,black
828,19,red
829,10,black
830,33,black
831,35,black
832,21,red
833,26,black
834,5,red
835,3,red
836,32,red
837,14,red
838,35,black
839,20,black
840,15,black
841,11,black
842,19,red
843,13,black
844,7,red
845,8,black
846,29,black
847,13,black
848,2,black
849,23,red
850,30,red
851,12,red
852,20,black
853,2,black
854,16,red
855,20,black
856,15,black
857,3,red
858,26,black
859,11,black
860,6,black
861,20,black
862,38,green
863,14,red
864,12,red
865,15,black
866,12,red
867,18,red
868,15,black
869,34,red
870,22,black
871,9,red
872,35,black
873,19,red
874,15,black
875,35,black
876,17,black
877,23,red
878,37,green
879,36,red
880,2,black
881,24,black
882,24,black
883,13,black
884,18,red
885,35,black
886,32,red
887,9,red
888,5,red
889,9,red
890,30,red
891,33,black
892,34,red
893,10,black
894,4,black
895,15,black
896,11,black
897,27,red
898,13,black
899,31,black
900,7,red
901,38,green
902,13,black
903,10,black
904,1,red
905,16,red
906,35,black
907,25,red
908,4,black
909,13,black
910,22,black
911,8,black
912,21,red
913,29,black
914,14,red
915,14,red
916,4,black
917,18,red
918,36,red
919,37,green
920,24,black
921,12,red
922,38,green
923,25,red
924,28,black
925,28,black
926,38,green
927,23,red
928,8,black
929,20,black
930,6,black
931,23,red
932,38,green
933,35,black
934,23,red
935,37,green
936,38,green
937,3,red
938,36,red
939,9,red
940,7,red
941,25,red
942,3,red
943,9,red
944,16,red
945,35,black
946,29,black
947,16,red
948,38,green
949,28,black
950,18,red
951,1,red
952,24,black
953,4,black
954,2,black
955,1,red
956,21,red
957,21,red
958,20,black
959,6,black
960,9,red
961,37,green
962,18,red
963,14,red
964,36,red
965,13,black
966,33,black
967,7,red
968,4,black
969,10,black
970,34,red
971,6,black
972,19,red
973,1,red
974,28,black
975,11,black
976,1,red
977,37,green
978,21,red
979,23,red
980,38,green
981,25,red
982,31,black
983,36,red
984,37,green
985,32,red
986,10,black
987,29,black
988,26,black
989,16,red
990,14,red
991,25,red
992,36,red
993,28,black
994,27,red
995,34,red
996,20,black
997,32,red
998,2,black
999,17,black
1000,18,red
