value,color
1,23,red
1,8,black
1,36,red
1,22,black
1,23,red
1,20,black
1,28,black
1,33,black
1,3,red
1,2,black
1,27,red
1,6,black
1,16,red
1,7,red
1,34,red
1,19,red
1,23,red
1,11,black
1,16,red
1,9,red
1,25,red
1,11,black
1,38,green
1,5,red
1,17,black
1,9,red
1,37,green
1,7,red
1,5,red
1,20,black
1,5,red
1,1,red
1,35,black
1,15,black
1,38,green
1,7,red
1,7,red
1,23,red
1,25,red
1,3,red
1,18,red
1,26,black
1,26,black
1,10,black
1,2,black
1,35,black
1,22,black
1,19,red
1,38,green
1,36,red
1,17,black
1,38,green
1,24,black
1,34,red
1,37,green
1,3,red
1,10,black
1,13,black
1,22,black
1,37,green
1,12,red
1,12,red
1,5,red
1,6,black
1,13,black
1,17,black
1,32,red
1,37,green
1,35,black
1,34,red
1,21,red
1,10,black
1,28,black
1,2,black
1,10,black
1,20,black
1,14,red
1,27,red
1,12,red
1,12,red
1,16,red
1,36,red
1,14,red
1,1,red
1,18,red
1,26,black
1,27,red
1,33,black
1,26,black
1,19,red
1,2,black
1,34,red
1,8,black
1,15,black
1,33,black
1,21,red
2,24,black
2,11,black
2,22,black
2,3,red
2,15,black
2,32,red
2,34,red
2,29,black
2,17,black
2,13,black
2,35,black
2,19,red
2,3,red
2,15,black
2,29,black
2,28,black
2,6,black
2,28,black
2,3,red
2,25,red
2,9,red
2,18,red
2,1,red
2,21,red
2,23,red
2,18,red
2,16,red
2,29,black
2,24,black
2,7,red
2,31,black
2,11,black
2,5,red
2,25,red
2,22,black
2,17,black
2,3,red
2,4,black
2,37,green
2,4,black
2,8,black
2,1,red
2,3,red
2,2,black
2,38,green
2,4,black
2,17,black
2,9,red
2,30,red
2,27,red
2,3,red
2,34,red
2,23,red
2,3,red
2,37,green
2,1,red
2,15,black
2,29,black
2,8,black
2,20,black
2,9,red
2,19,red
2,15,black
2,23,red
2,37,green
2,24,black
2,20,black
2,13,black
2,34,red
2,24,black
2,2,black
2,17,black
2,12,red
2,32,red
2,24,black
2,23,red
2,24,black
2,2,black
2,13,black
2,17,black
2,18,red
3,7,red
3,9,red
3,31,black
3,27,red
3,28,black
3,33,black
3,24,black
3,20,black
3,38,green
3,22,black
3,29,black
3,9,red
3,20,black
3,7,red
3,18,red
3,10,black
3,36,red
3,31,black
3,27,red
3,12,red
3,37,green
3,12,red
3,12,red
3,27,red
3,11,black
3,30,red
3,29,black
3,23,red
3,1,red
3,17,black
3,35,black
3,12,red
3,12,red
3,15,black
3,16,red
3,25,red
3,2,black
3,25,red
3,35,black
3,16,red
3,25,red
3,34,red
3,3,red
3,6,black
3,27,red
3,30,red
3,3,red
3,22,black
3,34,red
3,29,black
3,23,red
3,24,black
3,21,red
3,18,red
3,7,red
3,30,red
3,31,black
3,16,red
3,5,red
3,23,red
3,12,red
3,2,black
3,7,red
3,34,red
3,15,black
3,21,red
3,33,black
3,12,red
3,29,black
3,35,black
3,28,black
3,8,black
3,1,red
3,4,black
3,11,black
3,19,red
3,24,black
3,37,green
3,33,black
3,13,black
3,3,red
3,4,black
3,18,red
3,4,black
3,19,red
3,32,red
3,35,black
3,16,red
3,31,black
3,1,red
3,14,red
3,29,black
3,28,black
3,5,red
3,32,red
3,25,red
3,27,red
3,29,black
3,16,red
3,31,black
3,22,black
3,17,black
3,30,red
